index,deck_id,rating,is_commander,count
14200,1,62,true,1
22485,1,62,false,1
17783,1,62,false,1
11241,1,62,false,1
8155,1,62,false,1
16422,1,62,false,1
8385,1,62,false,1
18695,1,62,false,1
1492,1,62,false,1
16414,1,62,false,1
15989,1,62,false,1
7805,1,62,false,1
4433,1,62,false,1
3198,1,62,false,1
10238,1,62,false,1
4103,1,62,false,1
22244,1,62,false,1
2796,1,62,false,1
6833,1,62,false,1
18248,1,62,false,1
14993,1,62,false,1
4543,1,62,false,1
15250,1,62,false,1
18188,1,62,false,1
9742,1,62,false,1
13140,1,62,false,1
412,1,62,false,1
1340,1,62,false,1
19986,1,62,false,1
5264,1,62,false,1
18595,1,62,false,1
1343,1,62,false,1
9407,1,62,false,1
4282,1,62,false,1
17426,1,62,false,1
22483,1,62,false,1
19041,1,62,false,1
517,1,62,false,1
10371,1,62,false,1
12655,1,62,false,1
18714,1,62,false,1
18498,1,62,false,1
7777,1,62,false,1
20495,1,62,false,1
8614,1,62,false,1
7672,1,62,false,1
15808,1,62,false,1
14291,1,62,false,1
22471,1,62,false,1
9745,1,62,false,1
16747,1,62,false,1
8108,1,62,false,1
8152,1,62,false,1
1063,1,62,false,1
11215,1,62,false,1
13335,1,62,false,1
9481,1,62,false,1
18588,1,62,false,1
19229,1,62,false,1
13680,1,62,false,1
8544,1,62,false,1
11555,1,62,false,1
20365,1,62,false,1
14094,1,62,false,1
18983,1,62,false,1
7354,1,62,false,1
454,1,62,false,1
16972,1,62,false,1
18354,1,62,false,1
18960,1,62,false,1
1841,1,62,false,1
764,1,62,false,1
6406,1,62,false,1
11532,1,62,false,1
1088,1,62,false,1
5938,1,62,false,1
15939,1,62,false,7
16826,1,62,false,1
8828,1,62,false,1
17303,1,62,false,1
12346,1,62,false,1
8347,1,62,false,1
887,1,62,false,1
18290,1,62,false,1
7642,1,62,false,6
207,1,62,false,1
4518,1,62,false,1
22601,1,62,false,1
8807,2,35,true,1
318,2,35,false,1
6169,2,35,false,1
17163,2,35,false,1
17560,2,35,false,1
17907,2,35,false,1
15696,2,35,false,1
21565,2,35,false,1
572,2,35,false,1
5618,2,35,false,1
9377,2,35,false,1
682,2,35,false,1
7168,2,35,false,1
20654,2,35,false,1
15759,2,35,false,1
22371,2,35,false,1
20266,2,35,false,1
8381,2,35,false,1
11591,2,35,false,1
9248,2,35,false,1
19791,2,35,false,1
20047,2,35,false,1
10788,2,35,false,1
22086,2,35,false,1
9539,2,35,false,1
10739,2,35,false,1
1283,2,35,false,1
2143,2,35,false,1
20796,2,35,false,1
11975,2,35,false,1
8737,2,35,false,1
10888,2,35,false,1
19200,2,35,false,1
13888,2,35,false,1
11407,2,35,false,1
9581,2,35,false,1
64,2,35,false,1
7903,2,35,false,1
22718,2,35,false,1
12517,2,35,false,1
12452,2,35,false,1
14324,2,35,false,1
6507,2,35,false,1
1952,2,35,false,1
20689,2,35,false,1
6717,2,35,false,1
10233,2,35,false,1
18845,2,35,false,1
15040,2,35,false,1
18003,2,35,false,1
19574,2,35,false,1
9481,2,35,false,1
11925,2,35,false,1
18061,2,35,false,1
5469,2,35,false,1
19406,2,35,false,1
12671,2,35,false,1
7260,2,35,false,1
20160,2,35,false,1
4855,2,35,false,1
4300,2,35,false,1
15418,2,35,false,1
1102,2,35,false,1
3709,2,35,false,1
11437,2,35,false,1
19815,2,35,false,1
19901,2,35,false,1
764,2,35,false,1
14928,2,35,false,1
15994,2,35,false,11
18862,2,35,false,1
1292,2,35,false,1
322,2,35,false,1
14636,2,35,false,11
1020,2,35,false,1
9618,2,35,false,1
19564,2,35,false,1
13103,2,35,false,1
18529,2,35,false,1
18097,3,71,true,1
6169,3,71,false,1
5458,3,71,false,1
8261,3,71,false,1
18876,3,71,false,1
12518,3,71,false,1
19529,3,71,false,1
5088,3,71,false,1
5618,3,71,false,1
682,3,71,false,1
4258,3,71,false,1
15759,3,71,false,1
22570,3,71,false,1
22213,3,71,false,1
17008,3,71,false,1
12783,3,71,false,1
12606,3,71,false,1
8973,3,71,false,1
1158,3,71,false,1
9248,3,71,false,1
22258,3,71,false,1
21210,3,71,false,1
16259,3,71,false,1
3931,3,71,false,1
321,3,71,false,1
20270,3,71,false,1
22086,3,71,false,1
18072,3,71,false,1
21639,3,71,false,1
10691,3,71,false,1
22247,3,71,false,1
8737,3,71,false,1
19595,3,71,false,1
6346,3,71,false,1
12269,3,71,false,1
10600,3,71,false,1
691,3,71,false,1
15516,3,71,false,1
8400,3,71,false,1
3218,3,71,false,1
9680,3,71,false,1
21977,3,71,false,1
12452,3,71,false,1
6507,3,71,false,1
9352,3,71,false,1
3957,3,71,false,1
18131,3,71,false,1
11861,3,71,false,1
3714,3,71,false,1
1063,3,71,false,1
6855,3,71,false,1
8380,3,71,false,1
12410,3,71,false,1
9481,3,71,false,1
17879,3,71,false,1
10710,3,71,false,1
2860,3,71,false,1
11925,3,71,false,1
4300,3,71,false,1
19602,3,71,false,1
14032,3,71,false,1
15418,3,71,false,1
5947,3,71,false,1
21724,3,71,false,1
19815,3,71,false,1
19901,3,71,false,1
764,3,71,false,1
14300,3,71,false,1
1125,3,71,false,1
22170,3,71,false,1
15994,3,71,false,7
18835,3,71,false,1
8949,3,71,false,1
16879,3,71,false,1
17680,3,71,false,1
18631,3,71,false,1
14636,3,71,false,6
319,3,71,false,1
12594,3,71,false,1
17303,3,71,false,1
21672,3,71,false,1
13321,3,71,false,1
9618,3,71,false,1
19564,3,71,false,1
13103,3,71,false,1
6226,3,71,false,1
2002,3,71,false,1
8955,3,71,false,1
21466,4,12,true,1
14775,4,12,false,1
22220,4,12,false,1
9106,4,12,false,1
18886,4,12,false,1
16660,4,12,false,1
11274,4,12,false,1
1506,4,12,false,1
562,4,12,false,1
21631,4,12,false,1
6731,4,12,false,1
20562,4,12,false,1
5659,4,12,false,1
17142,4,12,false,1
22194,4,12,false,1
17889,4,12,false,1
9248,4,12,false,1
5141,4,12,false,1
9945,4,12,false,1
9912,4,12,false,1
15153,4,12,false,1
17434,4,12,false,1
12471,4,12,false,1
12269,4,12,false,1
17133,4,12,false,1
3515,4,12,false,1
9952,4,12,false,1
11672,4,12,false,1
16894,4,12,false,1
6231,4,12,false,1
13622,4,12,false,1
12452,4,12,false,1
14324,4,12,false,1
1952,4,12,false,1
19547,4,12,false,1
4705,4,12,false,1
5397,4,12,false,1
11861,4,12,false,1
7215,4,12,false,1
18869,4,12,false,1
1357,4,12,false,1
1655,4,12,false,1
4740,4,12,false,1
5191,4,12,false,1
21835,4,12,false,1
15579,4,12,false,1
12785,4,12,false,1
9481,4,12,false,1
17879,4,12,false,1
14867,4,12,false,1
12147,4,12,false,1
9593,4,12,false,1
15465,4,12,false,1
16009,4,12,false,1
862,4,12,false,1
11478,4,12,false,1
10818,4,12,false,1
22878,4,12,false,1
16077,4,12,false,1
22877,4,12,false,1
1992,4,12,false,1
14437,4,12,false,1
14326,4,12,false,1
10144,4,12,false,1
21774,4,12,false,1
11302,4,12,false,1
15994,4,12,false,27
18929,4,12,false,1
4982,4,12,false,1
22061,4,12,false,1
4532,4,12,false,1
20046,4,12,false,1
4446,4,12,false,1
11650,5,34,true,1
2460,5,34,false,1
12463,5,34,false,1
10855,5,34,false,1
3907,5,34,false,1
14216,5,34,false,1
22432,5,34,false,1
17779,5,34,false,1
18562,5,34,false,1
7016,5,34,false,1
16476,5,34,false,1
7044,5,34,false,1
20461,5,34,false,1
5145,5,34,false,1
3952,5,34,false,1
1509,5,34,false,1
11168,5,34,false,1
16583,5,34,false,1
22760,5,34,false,1
16640,5,34,false,1
15496,5,34,false,1
22687,5,34,false,1
5360,5,34,false,1
12556,5,34,false,1
21793,5,34,false,1
414,5,34,false,1
12960,5,34,false,1
1787,5,34,false,1
19977,5,34,false,1
12327,5,34,false,1
13952,5,34,false,1
14040,5,34,false,1
6320,5,34,false,1
1636,5,34,false,1
15955,5,34,false,1
10290,5,34,false,1
1152,5,34,false,1
7352,5,34,false,1
19139,5,34,false,1
4206,5,34,false,1
15893,5,34,false,1
20894,5,34,false,1
19667,5,34,false,1
10920,5,34,false,1
4488,5,34,false,1
3805,5,34,false,1
5202,5,34,false,1
5,5,34,false,1
10069,5,34,false,1
12930,5,34,false,1
18512,5,34,false,1
334,5,34,false,1
22076,5,34,false,1
19229,5,34,false,1
17283,5,34,false,1
7598,5,34,false,1
18212,5,34,false,1
16536,5,34,false,1
20261,5,34,false,1
20999,5,34,false,1
18740,5,34,false,1
16884,5,34,false,1
22555,5,34,false,1
6522,5,34,false,1
8417,5,34,false,1
558,5,34,false,1
5295,5,34,false,1
22254,5,34,false,1
3385,5,34,false,1
17716,5,34,false,1
18227,5,34,false,1
3157,5,34,false,1
14251,5,34,false,1
19001,5,34,false,1
16681,5,34,false,1
3284,5,34,false,1
9788,5,34,false,1
16767,5,34,false,19
12660,5,34,false,1
18529,5,34,false,1
4698,5,34,false,1
12341,6,35,true,1
19478,6,35,false,1
8719,6,35,false,1
2281,6,35,false,1
12245,6,35,false,1
20919,6,35,false,1
19537,6,35,false,1
20249,6,35,false,1
16148,6,35,false,1
7826,6,35,false,1
19775,6,35,false,1
779,6,35,false,1
4955,6,35,false,1
18874,6,35,false,1
10728,6,35,false,1
9002,6,35,false,1
15809,6,35,false,1
11835,6,35,false,1
2024,6,35,false,1
20042,6,35,false,1
11859,6,35,false,1
13486,6,35,false,1
73,6,35,false,1
9784,6,35,false,1
18434,6,35,false,1
5595,6,35,false,1
6685,6,35,false,1
3183,6,35,false,1
17883,6,35,false,1
1856,6,35,false,1
10993,6,35,false,1
18652,6,35,false,1
17496,6,35,false,1
4607,6,35,false,1
1036,6,35,false,1
21407,6,35,false,1
12193,6,35,false,1
6039,6,35,false,1
12645,6,35,false,1
19869,6,35,false,1
10451,6,35,false,1
2882,6,35,false,1
12827,6,35,false,1
9461,6,35,false,1
4171,6,35,false,1
10526,6,35,false,1
10953,6,35,false,1
9467,6,35,false,1
7136,6,35,false,1
291,6,35,false,1
7901,6,35,false,1
19229,6,35,false,1
22262,6,35,false,1
8773,6,35,false,1
13042,6,35,false,1
1002,6,35,false,1
4361,6,35,false,1
1133,6,35,false,1
567,6,35,false,1
14458,6,35,false,1
2239,6,35,false,1
5295,6,35,false,1
5056,6,35,false,1
5749,6,35,false,1
4765,6,35,false,1
2291,6,35,false,1
13163,6,35,false,1
11388,6,35,false,1
10404,6,35,false,1
17462,6,35,false,1
22170,6,35,false,1
4043,6,35,false,1
5795,6,35,false,1
9118,6,35,false,1
13008,6,35,false,1
14251,6,35,false,1
375,6,35,false,1
7736,6,35,false,1
7894,6,35,false,1
9710,6,35,false,1
17303,6,35,false,1
8347,6,35,false,1
6482,6,35,false,1
18529,6,35,false,1
15705,6,35,false,1
3092,6,35,false,1
553,6,35,false,13
8666,6,35,false,1
22605,7,30,true,1
3935,7,30,false,1
2281,7,30,false,1
5194,7,30,false,1
1515,7,30,false,1
1111,7,30,false,1
19074,7,30,false,1
9606,7,30,false,1
15788,7,30,false,1
21987,7,30,false,1
18843,7,30,false,1
6740,7,30,false,1
5227,7,30,false,1
14621,7,30,false,1
10418,7,30,false,1
19178,7,30,false,1
7905,7,30,false,1
8004,7,30,false,1
7425,7,30,false,1
13175,7,30,false,1
7447,7,30,false,1
21518,7,30,false,1
13359,7,30,false,1
4176,7,30,false,1
8674,7,30,false,1
10940,7,30,false,1
11820,7,30,false,1
15593,7,30,false,1
342,7,30,false,1
1848,7,30,false,1
14859,7,30,false,1
6329,7,30,false,1
15063,7,30,false,1
948,7,30,false,1
8128,7,30,false,1
19609,7,30,false,1
17631,7,30,false,1
15309,7,30,false,1
21707,7,30,false,1
18596,7,30,false,1
17892,7,30,false,1
17115,7,30,false,1
14487,7,30,false,1
2882,7,30,false,1
6855,7,30,false,1
14284,7,30,false,1
19636,7,30,false,1
19325,7,30,false,1
15282,7,30,false,1
16124,7,30,false,1
5094,7,30,false,1
15289,7,30,false,1
5215,7,30,false,1
9481,7,30,false,1
16220,7,30,false,1
17879,7,30,false,1
15837,7,30,false,1
4756,7,30,false,1
11068,7,30,false,1
2854,7,30,false,1
13348,7,30,false,1
372,7,30,false,1
9583,7,30,false,1
14815,7,30,false,1
5295,7,30,false,1
8897,7,30,false,1
21553,7,30,false,1
764,7,30,false,1
8738,7,30,false,1
14928,7,30,false,1
10824,7,30,false,1
11531,7,30,false,1
14636,7,30,false,9
895,7,30,false,1
4745,7,30,false,1
21672,7,30,false,1
13019,7,30,false,1
5038,7,30,false,1
14178,7,30,false,1
7642,7,30,false,9
11078,7,30,false,1
18529,7,30,false,1
2509,7,30,false,1
10832,8,45,true,1
2012,8,45,false,1
6713,8,45,false,1
9590,8,45,false,1
18143,8,45,false,1
4411,8,45,false,1
16896,8,45,false,1
18101,8,45,false,1
9314,8,45,false,1
4691,8,45,false,1
16541,8,45,false,1
3931,8,45,false,1
7018,8,45,false,1
321,8,45,false,1
6460,8,45,false,1
20270,8,45,false,1
6239,8,45,false,1
10739,8,45,false,1
16990,8,45,false,1
7372,8,45,false,1
21907,8,45,false,1
20506,8,45,false,1
4967,8,45,false,1
10600,8,45,false,1
17846,8,45,false,1
3574,8,45,false,1
4367,8,45,false,1
8400,8,45,false,1
9952,8,45,false,1
3218,8,45,false,1
5527,8,45,false,1
857,8,45,false,1
9680,8,45,false,1
18293,8,45,false,1
5122,8,45,false,1
9847,8,45,false,1
18729,8,45,false,1
20543,8,45,false,1
12452,8,45,false,1
18622,8,45,false,1
1952,8,45,false,1
13559,8,45,false,1
11861,8,45,false,1
9225,8,45,false,1
13997,8,45,false,1
18715,8,45,false,1
1818,8,45,false,1
9061,8,45,false,1
5499,8,45,false,1
5704,8,45,false,1
12645,8,45,false,1
17808,8,45,false,1
18142,8,45,false,1
16391,8,45,false,1
4171,8,45,false,1
21135,8,45,false,1
9854,8,45,false,1
14683,8,45,false,1
9968,8,45,false,1
3144,8,45,false,1
15011,8,45,false,1
4352,8,45,false,1
8008,8,45,false,1
6270,8,45,false,1
16221,8,45,false,1
5056,8,45,false,1
233,8,45,false,1
19815,8,45,false,1
14928,8,45,false,1
22170,8,45,false,1
3284,8,45,false,1
319,8,45,false,1
17303,8,45,false,1
8347,8,45,false,1
8370,8,45,false,24
2509,8,45,false,1
4470,9,25,true,1
19985,9,25,false,1
15082,9,25,false,1
10128,9,25,false,1
20345,9,25,false,1
20493,9,25,false,1
11554,9,25,false,1
15864,9,25,false,1
17800,9,25,false,1
2391,9,25,false,1
9156,9,25,false,1
2035,9,25,false,1
21671,9,25,false,1
3244,9,25,false,1
2794,9,25,false,1
21447,9,25,false,1
20299,9,25,false,1
4139,9,25,false,1
15980,9,25,false,1
2495,9,25,false,1
2324,9,25,false,1
21284,9,25,false,1
22890,9,25,false,1
8891,9,25,false,1
5136,9,25,false,1
7220,9,25,false,1
10612,9,25,false,1
18041,9,25,false,1
18188,9,25,false,1
1467,9,25,false,1
11246,9,25,false,1
7937,9,25,false,1
15057,9,25,false,1
14220,9,25,false,1
15421,9,25,false,1
17327,9,25,false,1
17630,9,25,false,1
734,9,25,false,1
13175,9,25,false,1
4546,9,25,false,1
8982,9,25,false,1
1944,9,25,false,1
9883,9,25,false,1
22393,9,25,false,1
5410,9,25,false,1
19366,9,25,false,1
8678,9,25,false,1
13266,9,25,false,1
17988,9,25,false,1
19682,9,25,false,1
11419,9,25,false,1
196,9,25,false,1
15357,9,25,false,1
8084,9,25,false,1
13514,9,25,false,1
6911,9,25,false,1
6146,9,25,false,1
10424,9,25,false,1
12645,9,25,false,1
16309,9,25,false,1
5061,9,25,false,1
2916,9,25,false,1
832,9,25,false,1
12460,9,25,false,1
8226,9,25,false,1
8916,9,25,false,1
10801,9,25,false,1
11760,9,25,false,1
7224,9,25,false,1
454,9,25,false,1
764,9,25,false,1
4880,9,25,false,1
7321,9,25,false,1
5938,9,25,false,1
15939,9,25,false,12
15197,9,25,false,1
7642,9,25,false,12
2509,9,25,false,1
1398,10,27,true,1
7310,10,27,false,1
22753,10,27,false,1
1904,10,27,false,1
1004,10,27,false,1
6955,10,27,false,1
986,10,27,false,1
14362,10,27,false,1
8857,10,27,false,1
9675,10,27,false,1
7773,10,27,false,1
5335,10,27,false,1
3498,10,27,false,1
19208,10,27,false,1
15772,10,27,false,1
18473,10,27,false,1
1642,10,27,false,1
19710,10,27,false,1
9783,10,27,false,1
6859,10,27,false,1
5655,10,27,false,1
13089,10,27,false,1
8631,10,27,false,1
10306,10,27,false,1
14669,10,27,false,1
7296,10,27,false,1
22681,10,27,false,1
19921,10,27,false,1
4840,10,27,false,1
1588,10,27,false,1
5181,10,27,false,1
3524,10,27,false,1
14789,10,27,false,1
11732,10,27,false,1
19672,10,27,false,1
9119,10,27,false,1
18097,10,27,false,1
21750,10,27,false,1
3869,10,27,false,1
14365,10,27,false,1
16710,10,27,false,1
12002,10,27,false,1
8596,10,27,false,1
1755,10,27,false,1
9481,10,27,false,1
22414,10,27,false,1
18632,10,27,false,1
6422,10,27,false,1
2581,10,27,false,1
5226,10,27,false,1
8583,10,27,false,1
18309,10,27,false,1
15151,10,27,false,1
20318,10,27,false,1
6567,10,27,false,1
10436,10,27,false,1
9552,10,27,false,1
14390,10,27,false,1
13247,10,27,false,1
764,10,27,false,1
15994,10,27,false,19
17680,10,27,false,1
14636,10,27,false,19
9404,11,29,true,1
11174,11,29,false,1
22433,11,29,false,1
9412,11,29,false,1
18267,11,29,false,1
7499,11,29,false,1
12570,11,29,false,1
578,11,29,false,1
17482,11,29,false,1
19586,11,29,false,1
19436,11,29,false,1
9156,11,29,false,1
713,11,29,false,1
21744,11,29,false,1
3244,11,29,false,1
7994,11,29,false,1
17491,11,29,false,1
21116,11,29,false,1
20955,11,29,false,1
7696,11,29,false,1
1018,11,29,false,1
18824,11,29,false,1
19753,11,29,false,1
10408,11,29,false,1
10186,11,29,false,1
16511,11,29,false,1
22611,11,29,false,1
2680,11,29,false,1
13774,11,29,false,1
1542,11,29,false,1
8254,11,29,false,1
8858,11,29,false,1
14624,11,29,false,1
19635,11,29,false,1
6971,11,29,false,1
5886,11,29,false,1
5467,11,29,false,1
19719,11,29,false,1
344,11,29,false,1
4571,11,29,false,1
196,11,29,false,1
17548,11,29,false,1
10168,11,29,false,1
7471,11,29,false,1
20397,11,29,false,1
20106,11,29,false,1
864,11,29,false,1
2997,11,29,false,1
16238,11,29,false,1
18512,11,29,false,1
20039,11,29,false,1
21608,11,29,false,1
5959,11,29,false,1
9481,11,29,false,1
13680,11,29,false,1
12305,11,29,false,1
7578,11,29,false,1
2109,11,29,false,1
18536,11,29,false,1
11811,11,29,false,1
14094,11,29,false,1
14366,11,29,false,1
12332,11,29,false,1
7844,11,29,false,1
5973,11,29,false,1
5615,11,29,false,1
17972,11,29,false,1
5938,11,29,false,1
18506,11,29,false,1
10518,11,29,false,1
2153,11,29,false,1
11818,11,29,false,1
17303,11,29,false,1
3232,11,29,false,1
8053,11,29,false,22
7544,11,29,false,1
18529,11,29,false,1
17668,11,29,false,1
308,12,37,true,1
3809,12,37,false,1
8987,12,37,false,1
2488,12,37,false,1
4608,12,37,false,1
16301,12,37,false,1
1158,12,37,false,1
8329,12,37,false,1
10343,12,37,false,1
22670,12,37,false,1
22330,12,37,false,1
17171,12,37,false,1
691,12,37,false,1
13929,12,37,false,1
21849,12,37,false,1
4746,12,37,false,1
6612,12,37,false,1
7593,12,37,false,1
7146,12,37,false,1
5411,12,37,false,1
14783,12,37,false,1
20846,12,37,false,1
12041,12,37,false,1
4942,12,37,false,1
13762,12,37,false,1
14442,12,37,false,1
12517,12,37,false,1
8360,12,37,false,1
5731,12,37,false,1
8790,12,37,false,1
12311,12,37,false,1
6030,12,37,false,1
5453,12,37,false,1
14743,12,37,false,1
6329,12,37,false,1
11375,12,37,false,1
21959,12,37,false,1
15063,12,37,false,1
4890,12,37,false,1
11645,12,37,false,1
6285,12,37,false,1
12686,12,37,false,1
21707,12,37,false,1
4688,12,37,false,1
14297,12,37,false,1
19332,12,37,false,1
20346,12,37,false,1
18866,12,37,false,1
19772,12,37,false,1
12696,12,37,false,1
22104,12,37,false,1
22262,12,37,false,1
10822,12,37,false,1
16590,12,37,false,1
13469,12,37,false,1
9191,12,37,false,1
1520,12,37,false,1
5661,12,37,false,1
21867,12,37,false,1
8680,12,37,false,1
10983,12,37,false,1
2602,12,37,false,1
1091,12,37,false,1
12155,12,37,false,1
1701,12,37,false,1
7377,12,37,false,1
4787,12,37,false,1
4297,12,37,false,1
5063,12,37,false,1
10824,12,37,false,1
1322,12,37,false,1
4982,12,37,false,1
14636,12,37,false,22
3284,12,37,false,1
17303,12,37,false,1
16925,12,37,false,1
9303,12,37,false,1
18529,12,37,false,1
2504,12,37,false,1
4712,13,44,true,1
7952,13,44,false,1
6689,13,44,false,1
13410,13,44,false,1
11083,13,44,false,1
14800,13,44,false,1
16640,13,44,false,1
14534,13,44,false,1
10368,13,44,false,1
11257,13,44,false,1
16035,13,44,false,1
6053,13,44,false,1
19663,13,44,false,1
11482,13,44,false,1
1447,13,44,false,1
22330,13,44,false,1
3387,13,44,false,1
4875,13,44,false,1
15075,13,44,false,1
22428,13,44,false,1
22323,13,44,false,1
8712,13,44,false,1
15813,13,44,false,1
13482,13,44,false,1
2825,13,44,false,1
13579,13,44,false,1
12517,13,44,false,1
3805,13,44,false,1
2733,13,44,false,1
15566,13,44,false,1
16619,13,44,false,1
14901,13,44,false,1
17438,13,44,false,1
21963,13,44,false,1
18652,13,44,false,1
19656,13,44,false,1
6289,13,44,false,1
11540,13,44,false,1
5839,13,44,false,1
16205,13,44,false,1
6855,13,44,false,1
14284,13,44,false,1
20553,13,44,false,1
18003,13,44,false,1
19574,13,44,false,1
15282,13,44,false,1
756,13,44,false,1
22076,13,44,false,1
5784,13,44,false,1
18660,13,44,false,1
17879,13,44,false,1
20255,13,44,false,1
9594,13,44,false,1
14763,13,44,false,1
21810,13,44,false,1
7006,13,44,false,1
11536,13,44,false,1
12701,13,44,false,1
5439,13,44,false,1
12812,13,44,false,1
10280,13,44,false,1
764,13,44,false,1
5953,13,44,false,1
14928,13,44,false,1
5063,13,44,false,1
22312,13,44,false,1
14636,13,44,false,11
3284,13,44,false,1
16767,13,44,false,11
17303,13,44,false,1
21672,13,44,false,1
11313,13,44,false,1
12660,13,44,false,1
3985,13,44,false,1
12903,13,44,false,1
15157,13,44,false,1
2509,13,44,false,1
13570,13,44,false,1
15757,13,44,false,1
19282,15,40,true,1
3622,15,40,false,1
12580,15,40,false,1
1904,15,40,false,1
18477,15,40,false,1
8364,15,40,false,1
5090,15,40,false,1
18562,15,40,false,1
16301,15,40,false,1
18152,15,40,false,1
8180,15,40,false,1
9082,15,40,false,1
21060,15,40,false,1
269,15,40,false,1
153,15,40,false,1
22227,15,40,false,1
21450,15,40,false,1
21392,15,40,false,1
16457,15,40,false,1
8841,15,40,false,1
503,15,40,false,1
15276,15,40,false,1
11161,15,40,false,1
6885,15,40,false,1
21487,15,40,false,1
18471,15,40,false,1
9815,15,40,false,1
6536,15,40,false,1
12416,15,40,false,1
1757,15,40,false,1
1649,15,40,false,1
10474,15,40,false,1
3035,15,40,false,1
22323,15,40,false,1
6364,15,40,false,1
15813,15,40,false,1
15965,15,40,false,1
13828,15,40,false,1
5839,15,40,false,1
2997,15,40,false,1
13335,15,40,false,1
8961,15,40,false,1
9481,15,40,false,1
16220,15,40,false,1
22262,15,40,false,1
568,15,40,false,1
1947,15,40,false,1
20359,15,40,false,1
6943,15,40,false,1
8199,15,40,false,1
12844,15,40,false,1
1045,15,40,false,1
6131,15,40,false,1
1137,15,40,false,1
3885,15,40,false,1
14933,15,40,false,1
7313,15,40,false,1
2722,15,40,false,1
17093,15,40,false,1
16604,15,40,false,1
10234,15,40,false,1
764,15,40,false,1
14636,15,40,false,19
16767,15,40,false,19
6906,16,42,true,1
6169,16,42,false,1
20345,16,42,false,1
21723,16,42,false,1
11238,16,42,false,1
10655,16,42,false,1
16084,16,42,false,1
13210,16,42,false,1
11710,16,42,false,1
4062,16,42,false,1
4453,16,42,false,1
14202,16,42,false,1
4586,16,42,false,1
8230,16,42,false,1
4633,16,42,false,1
5455,16,42,false,1
1864,16,42,false,1
4952,16,42,false,1
22611,16,42,false,1
20957,16,42,false,1
18324,16,42,false,1
5241,16,42,false,1
6509,16,42,false,1
4626,16,42,false,1
13875,16,42,false,1
517,16,42,false,1
10008,16,42,false,1
4163,16,42,false,1
7638,16,42,false,1
6507,16,42,false,1
20126,16,42,false,1
11861,16,42,false,1
15985,16,42,false,1
6039,16,42,false,1
7295,16,42,false,1
6066,16,42,false,1
12516,16,42,false,1
21135,16,42,false,1
7386,16,42,false,1
19549,16,42,false,1
22591,16,42,false,1
8093,16,42,false,1
18269,16,42,false,1
17652,16,42,false,1
3032,16,42,false,1
3066,16,42,false,1
12961,16,42,false,1
18447,16,42,false,1
11390,16,42,false,1
4379,16,42,false,1
7553,16,42,false,1
15140,16,42,false,1
14683,16,42,false,1
8766,16,42,false,1
10848,16,42,false,1
4960,16,42,false,1
20557,16,42,false,1
1595,16,42,false,1
20838,16,42,false,1
7740,16,42,false,1
3339,16,42,false,1
9962,16,42,false,1
17715,16,42,false,1
15994,16,42,false,17
15939,16,42,false,17
14251,16,42,false,1
5737,16,42,false,1
10146,17,29,true,1
3809,17,29,false,1
13289,17,29,false,1
10798,17,29,false,1
1379,17,29,false,1
1295,17,29,false,1
12245,17,29,false,1
12557,17,29,false,1
14975,17,29,false,1
7873,17,29,false,1
4900,17,29,false,1
16005,17,29,false,1
4644,17,29,false,1
5755,17,29,false,1
2297,17,29,false,1
8777,17,29,false,1
2100,17,29,false,1
14252,17,29,false,1
12901,17,29,false,1
15025,17,29,false,1
2096,17,29,false,1
5107,17,29,false,1
17109,17,29,false,1
14354,17,29,false,1
15181,17,29,false,1
21332,17,29,false,1
4277,17,29,false,1
3595,17,29,false,1
17839,17,29,false,1
6537,17,29,false,1
20056,17,29,false,1
11808,17,29,false,1
18608,17,29,false,1
1498,17,29,false,1
9818,17,29,false,1
20270,17,29,false,1
3137,17,29,false,1
4636,17,29,false,1
14974,17,29,false,1
73,17,29,false,1
9539,17,29,false,1
8083,17,29,false,1
11104,17,29,false,1
22472,17,29,false,1
9395,17,29,false,1
11545,17,29,false,1
21907,17,29,false,1
22044,17,29,false,1
21087,17,29,false,1
13554,17,29,false,1
11270,17,29,false,1
12736,17,29,false,1
945,17,29,false,1
6108,17,29,false,1
2882,17,29,false,1
13335,17,29,false,1
18845,17,29,false,1
4174,17,29,false,1
6066,17,29,false,1
12332,17,29,false,1
11167,17,29,false,1
20531,17,29,false,1
1252,17,29,false,1
15341,17,29,false,1
4352,17,29,false,1
4692,17,29,false,1
12220,17,29,false,1
764,17,29,false,1
14928,17,29,false,1
15994,17,29,false,8
20374,17,29,false,1
15939,17,29,false,8
322,17,29,false,1
14636,17,29,false,7
9618,17,29,false,1
10803,17,29,false,1
5291,17,29,false,1
11267,17,29,false,1
21113,17,29,false,1
4861,17,29,false,1
9949,18,29,true,1
14883,18,29,false,1
14739,18,29,false,1
15923,18,29,false,1
15013,18,29,false,1
14730,18,29,false,1
18267,18,29,false,1
22447,18,29,false,1
11578,18,29,false,1
7499,18,29,false,1
7324,18,29,false,1
15234,18,29,false,1
7867,18,29,false,1
11777,18,29,false,1
14452,18,29,false,1
19586,18,29,false,1
20903,18,29,false,1
14208,18,29,false,1
7088,18,29,false,1
17607,18,29,false,1
20384,18,29,false,1
6420,18,29,false,1
16361,18,29,false,1
21116,18,29,false,1
741,18,29,false,1
22573,18,29,false,1
13834,18,29,false,1
13718,18,29,false,1
8776,18,29,false,1
20757,18,29,false,1
13608,18,29,false,1
12810,18,29,false,1
4459,18,29,false,1
3110,18,29,false,1
11106,18,29,false,1
6674,18,29,false,1
5992,18,29,false,1
19635,18,29,false,1
4546,18,29,false,1
9726,18,29,false,1
14719,18,29,false,1
4259,18,29,false,1
20106,18,29,false,1
20553,18,29,false,1
16238,18,29,false,1
15282,18,29,false,1
17741,18,29,false,1
334,18,29,false,1
16545,18,29,false,1
6157,18,29,false,1
14934,18,29,false,1
21596,18,29,false,1
19579,18,29,false,1
15039,18,29,false,1
17720,18,29,false,1
17662,18,29,false,1
16688,18,29,false,1
13297,18,29,false,1
4410,18,29,false,1
5197,18,29,false,1
15939,18,29,false,40
4216,19,46,true,1
3622,19,46,false,1
7602,19,46,false,1
12245,19,46,false,1
14948,19,46,false,1
4258,19,46,false,1
9233,19,46,false,1
10180,19,46,false,1
17629,19,46,false,1
3463,19,46,false,1
19208,19,46,false,1
20900,19,46,false,1
4214,19,46,false,1
7734,19,46,false,1
6859,19,46,false,1
9894,19,46,false,1
20270,19,46,false,1
3924,19,46,false,1
19921,19,46,false,1
73,19,46,false,1
5181,19,46,false,1
15955,19,46,false,1
4283,19,46,false,1
5413,19,46,false,1
1155,19,46,false,1
1753,19,46,false,1
18260,19,46,false,1
12816,19,46,false,1
4126,19,46,false,1
19672,19,46,false,1
4115,19,46,false,1
15329,19,46,false,1
19139,19,46,false,1
14365,19,46,false,1
3804,19,46,false,1
376,19,46,false,1
8612,19,46,false,1
5289,19,46,false,1
14502,19,46,false,1
18155,19,46,false,1
12452,19,46,false,1
11570,19,46,false,1
1848,19,46,false,1
1823,19,46,false,1
6507,19,46,false,1
9352,19,46,false,1
7743,19,46,false,1
1952,19,46,false,1
5379,19,46,false,1
11861,19,46,false,1
19121,19,46,false,1
1063,19,46,false,1
7395,19,46,false,1
8414,19,46,false,1
1013,19,46,false,1
9481,19,46,false,1
10710,19,46,false,1
5271,19,46,false,1
6422,19,46,false,1
8583,19,46,false,1
11204,19,46,false,1
20318,19,46,false,1
14390,19,46,false,1
11145,19,46,false,1
2217,19,46,false,1
20015,19,46,false,1
764,19,46,false,1
14928,19,46,false,1
15994,19,46,false,8
10253,19,46,false,1
11288,19,46,false,1
13491,19,46,false,1
16767,19,46,false,8
5701,19,46,false,1
7642,19,46,false,9
21795,19,46,false,1
2509,19,46,false,1
17992,19,46,false,1
22873,20,35,true,1
7952,20,35,false,1
12245,20,35,false,1
16301,20,35,false,1
9606,20,35,false,1
19856,20,35,false,1
10967,20,35,false,1
4089,20,35,false,1
2603,20,35,false,1
73,20,35,false,1
22670,20,35,false,1
12515,20,35,false,1
691,20,35,false,1
6068,20,35,false,1
7447,20,35,false,1
21131,20,35,false,1
16668,20,35,false,1
21518,20,35,false,1
20583,20,35,false,1
2593,20,35,false,1
13912,20,35,false,1
10893,20,35,false,1
5453,20,35,false,1
6329,20,35,false,1
19609,20,35,false,1
6285,20,35,false,1
3714,20,35,false,1
6387,20,35,false,1
1983,20,35,false,1
1063,20,35,false,1
18596,20,35,false,1
19656,20,35,false,1
864,20,35,false,1
12734,20,35,false,1
14487,20,35,false,1
16205,20,35,false,1
6855,20,35,false,1
13521,20,35,false,1
14284,20,35,false,1
21809,20,35,false,1
17505,20,35,false,1
20553,20,35,false,1
15040,20,35,false,1
19161,20,35,false,1
17950,20,35,false,1
21596,20,35,false,1
9481,20,35,false,1
14716,20,35,false,1
17879,20,35,false,1
19229,20,35,false,1
22593,20,35,false,1
14867,20,35,false,1
4361,20,35,false,1
15819,20,35,false,1
11925,20,35,false,1
13298,20,35,false,1
5469,20,35,false,1
9234,20,35,false,1
2341,20,35,false,1
11068,20,35,false,1
13254,20,35,false,1
13469,20,35,false,1
21028,20,35,false,1
12360,20,35,false,1
13022,20,35,false,1
10383,20,35,false,1
18178,20,35,false,1
14636,20,35,false,30
3284,20,35,false,1
9303,20,35,false,1
